{"epoch_1": {"st1": {"0": {"precision": 0.9133663366336634, "recall": 0.9787798408488063, "f1-score": 0.9449423815620999, "support": 377.0}, "1": {"precision": 0.961764705882353, "recall": 0.9646017699115044, "f1-score": 0.9631811487481591, "support": 339.0}, "2": {"precision": 0.8108108108108109, "recall": 0.8823529411764706, "f1-score": 0.8450704225352113, "support": 68.0}, "3": {"precision": 0.0, "recall": 0.0, "f1-score": 0.0, "support": 5.0}, "4": {"precision": 0.9537037037037037, "recall": 0.9279279279279279, "f1-score": 0.9406392694063926, "support": 111.0}, "5": {"precision": 0.75, "recall": 0.35294117647058826, "f1-score": 0.48, "support": 68.0}, "6": {"precision": 0.0, "recall": 0.0, "f1-score": 0.0, "support": 1.0}, "7": {"precision": 0.0, "recall": 0.0, "f1-score": 0.0, "support": 10.0}, "8": {"precision": 0.14814814814814814, "recall": 0.2962962962962963, "f1-score": 0.19753086419753085, "support": 27.0}, "9": {"precision": 0.6, "recall": 0.2727272727272727, "f1-score": 0.375, "support": 11.0}, "accuracy": 0.8790560471976401, "macro avg": {"precision": 0.5137793705178678, "recall": 0.46756272253588654, "f1-score": 0.4746364086449394, "support": 1017.0}, "weighted avg": {"precision": 0.8780467949373205, "recall": 0.8790560471976401, "f1-score": 0.8719132431114796, "support": 1017.0}}, "st2": {"0": {"precision": 0.0, "recall": 0.0, "f1-score": 0.0, "support": 4.0}, "2": {"precision": 0.0, "recall": 0.0, "f1-score": 0.0, "support": 1.0}, "3": {"precision": 0.0, "recall": 0.0, "f1-score": 0.0, "support": 2.0}, "4": {"precision": 0.0, "recall": 0.0, "f1-score": 0.0, "support": 4.0}, "5": {"precision": 0.0, "recall": 0.0, "f1-score": 0.0, "support": 14.0}, "6": {"precision": 0.0, "recall": 0.0, "f1-score": 0.0, "support": 2.0}, "7": {"precision": 0.0, "recall": 0.0, "f1-score": 0.0, "support": 2.0}, "8": {"precision": 0.0, "recall": 0.0, "f1-score": 0.0, "support": 1.0}, "9": {"precision": 0.0, "recall": 0.0, "f1-score": 0.0, "support": 1.0}, "10": {"precision": 0.0, "recall": 0.0, "f1-score": 0.0, "support": 1.0}, "11": {"precision": 0.0, "recall": 0.0, "f1-score": 0.0, "support": 1.0}, "12": {"precision": 0.0, "recall": 0.0, "f1-score": 0.0, "support": 1.0}, "13": {"precision": 0.0, "recall": 0.0, "f1-score": 0.0, "support": 4.0}, "14": {"precision": 0.0, "recall": 0.0, "f1-score": 0.0, "support": 8.0}, "15": {"precision": 0.0, "recall": 0.0, "f1-score": 0.0, "support": 3.0}, "16": {"precision": 0.0, "recall": 0.0, "f1-score": 0.0, "support": 1.0}, "17": {"precision": 0.0, "recall": 0.0, "f1-score": 0.0, "support": 43.0}, "18": {"precision": 0.0, "recall": 0.0, "f1-score": 0.0, "support": 2.0}, "19": {"precision": 0.0, "recall": 0.0, "f1-score": 0.0, "support": 3.0}, "20": {"precision": 0.0, "recall": 0.0, "f1-score": 0.0, "support": 3.0}, "22": {"precision": 0.0, "recall": 0.0, "f1-score": 0.0, "support": 4.0}, "23": {"precision": 0.0, "recall": 0.0, "f1-score": 0.0, "support": 1.0}, "24": {"precision": 0.0, "recall": 0.0, "f1-score": 0.0, "support": 1.0}, "25": {"precision": 0.0, "recall": 0.0, "f1-score": 0.0, "support": 1.0}, "27": {"precision": 0.0, "recall": 0.0, "f1-score": 0.0, "support": 2.0}, "28": {"precision": 0.0, "recall": 0.0, "f1-score": 0.0, "support": 3.0}, "29": {"precision": 0.0, "recall": 0.0, "f1-score": 0.0, "support": 1.0}, "30": {"precision": 0.0, "recall": 0.0, "f1-score": 0.0, "support": 1.0}, "32": {"precision": 0.0, "recall": 0.0, "f1-score": 0.0, "support": 1.0}, "33": {"precision": 0.0, "recall": 0.0, "f1-score": 0.0, "support": 2.0}, "34": {"precision": 0.0, "recall": 0.0, "f1-score": 0.0, "support": 42.0}, "35": {"precision": 0.0, "recall": 0.0, "f1-score": 0.0, "support": 1.0}, "36": {"precision": 0.0, "recall": 0.0, "f1-score": 0.0, "support": 47.0}, "38": {"precision": 0.0, "recall": 0.0, "f1-score": 0.0, "support": 8.0}, "39": {"precision": 0.0, "recall": 0.0, "f1-score": 0.0, "support": 3.0}, "40": {"precision": 0.0, "recall": 0.0, "f1-score": 0.0, "support": 21.0}, "42": {"precision": 0.0, "recall": 0.0, "f1-score": 0.0, "support": 3.0}, "43": {"precision": 0.0, "recall": 0.0, "f1-score": 0.0, "support": 7.0}, "44": {"precision": 0.0, "recall": 0.0, "f1-score": 0.0, "support": 1.0}, "45": {"precision": 0.0, "recall": 0.0, "f1-score": 0.0, "support": 1.0}, "46": {"precision": 0.0, "recall": 0.0, "f1-score": 0.0, "support": 1.0}, "47": {"precision": 0.0, "recall": 0.0, "f1-score": 0.0, "support": 3.0}, "48": {"precision": 0.0, "recall": 0.0, "f1-score": 0.0, "support": 2.0}, "49": {"precision": 0.0, "recall": 0.0, "f1-score": 0.0, "support": 4.0}, "50": {"precision": 0.0, "recall": 0.0, "f1-score": 0.0, "support": 7.0}, "51": {"precision": 0.0, "recall": 0.0, "f1-score": 0.0, "support": 2.0}, "52": {"precision": 0.0, "recall": 0.0, "f1-score": 0.0, "support": 16.0}, "53": {"precision": 0.0, "recall": 0.0, "f1-score": 0.0, "support": 1.0}, "54": {"precision": 0.0, "recall": 0.0, "f1-score": 0.0, "support": 10.0}, "55": {"precision": 0.0, "recall": 0.0, "f1-score": 0.0, "support": 139.0}, "56": {"precision": 0.0, "recall": 0.0, "f1-score": 0.0, "support": 2.0}, "57": {"precision": 0.0, "recall": 0.0, "f1-score": 0.0, "support": 36.0}, "58": {"precision": 0.0, "recall": 0.0, "f1-score": 0.0, "support": 2.0}, "59": {"precision": 0.0, "recall": 0.0, "f1-score": 0.0, "support": 108.0}, "60": {"precision": 0.0, "recall": 0.0, "f1-score": 0.0, "support": 1.0}, "61": {"precision": 0.0, "recall": 0.0, "f1-score": 0.0, "support": 3.0}, "62": {"precision": 0.0, "recall": 0.0, "f1-score": 0.0, "support": 1.0}, "63": {"precision": 0.0, "recall": 0.0, "f1-score": 0.0, "support": 1.0}, "64": {"precision": 0.0, "recall": 0.0, "f1-score": 0.0, "support": 2.0}, "65": {"precision": 0.0, "recall": 0.0, "f1-score": 0.0, "support": 9.0}, "66": {"precision": 0.0, "recall": 0.0, "f1-score": 0.0, "support": 1.0}, "67": {"precision": 0.0, "recall": 0.0, "f1-score": 0.0, "support": 1.0}, "68": {"precision": 0.0, "recall": 0.0, "f1-score": 0.0, "support": 5.0}, "70": {"precision": 0.0, "recall": 0.0, "f1-score": 0.0, "support": 6.0}, "71": {"precision": 0.0, "recall": 0.0, "f1-score": 0.0, "support": 1.0}, "72": {"precision": 0.0, "recall": 0.0, "f1-score": 0.0, "support": 1.0}, "73": {"precision": 0.0, "recall": 0.0, "f1-score": 0.0, "support": 23.0}, "74": {"precision": 0.0, "recall": 0.0, "f1-score": 0.0, "support": 1.0}, "75": {"precision": 0.0, "recall": 0.0, "f1-score": 0.0, "support": 5.0}, "77": {"precision": 0.0, "recall": 0.0, "f1-score": 0.0, "support": 2.0}, "78": {"precision": 0.0, "recall": 0.0, "f1-score": 0.0, "support": 6.0}, "79": {"precision": 0.0, "recall": 0.0, "f1-score": 0.0, "support": 2.0}, "80": {"precision": 0.0, "recall": 0.0, "f1-score": 0.0, "support": 5.0}, "82": {"precision": 0.0, "recall": 0.0, "f1-score": 0.0, "support": 1.0}, "83": {"precision": 0.0, "recall": 0.0, "f1-score": 0.0, "support": 2.0}, "84": {"precision": 0.0, "recall": 0.0, "f1-score": 0.0, "support": 2.0}, "85": {"precision": 0.0, "recall": 0.0, "f1-score": 0.0, "support": 45.0}, "86": {"precision": 0.0, "recall": 0.0, "f1-score": 0.0, "support": 6.0}, "88": {"precision": 0.0, "recall": 0.0, "f1-score": 0.0, "support": 2.0}, "89": {"precision": 0.0, "recall": 0.0, "f1-score": 0.0, "support": 3.0}, "90": {"precision": 0.0, "recall": 0.0, "f1-score": 0.0, "support": 39.0}, "91": {"precision": 0.0, "recall": 0.0, "f1-score": 0.0, "support": 1.0}, "92": {"precision": 0.0, "recall": 0.0, "f1-score": 0.0, "support": 1.0}, "93": {"precision": 0.0, "recall": 0.0, "f1-score": 0.0, "support": 4.0}, "94": {"precision": 0.0, "recall": 0.0, "f1-score": 0.0, "support": 6.0}, "95": {"precision": 0.0, "recall": 0.0, "f1-score": 0.0, "support": 1.0}, "97": {"precision": 0.0, "recall": 0.0, "f1-score": 0.0, "support": 4.0}, "98": {"precision": 0.373134328358209, "recall": 0.2066115702479339, "f1-score": 0.26595744680851063, "support": 121.0}, "99": {"precision": 0.0, "recall": 0.0, "f1-score": 0.0, "support": 10.0},