{"epoch_1": {"st1": {"hazard_category": {"0": {"precision": 0.3906420021762786, "recall": 0.9522546419098143, "f1-score": 0.5540123456790124, "support": 377.0}, "1": {"precision": 0.3877551020408163, "recall": 0.11209439528023599, "f1-score": 0.17391304347826086, "support": 339.0}, "2": {"precision": 0.0, "recall": 0.0, "f1-score": 0.0, "support": 68.0}, "3": {"precision": 0.0, "recall": 0.0, "f1-score": 0.0, "support": 5.0}, "4": {"precision": 0.0, "recall": 0.0, "f1-score": 0.0, "support": 111.0}, "5": {"precision": 0.0, "recall": 0.0, "f1-score": 0.0, "support": 68.0}, "6": {"precision": 0.0, "recall": 0.0, "f1-score": 0.0, "support": 1.0}, "7": {"precision": 0.0, "recall": 0.0, "f1-score": 0.0, "support": 10.0}, "8": {"precision": 0.0, "recall": 0.0, "f1-score": 0.0, "support": 27.0}, "9": {"precision": 0.0, "recall": 0.0, "f1-score": 0.0, "support": 11.0}, "accuracy": 0.39036381514257623, "macro avg": {"precision": 0.0778397104217095, "recall": 0.10643490371900503, "f1-score": 0.07279253891572732, "support": 1017.0}, "weighted avg": {"precision": 0.27406196107403513, "recall": 0.39036381514257623, "f1-score": 0.2633423560079824, "support": 1017.0}}, "product_category": {"0": {"precision": 0.0, "recall": 0.0, "f1-score": 0.0, "support": 7.0}, "1": {"precision": 0.0, "recall": 0.0, "f1-score": 0.0, "support": 123.0}, "2": {"precision": 0.0, "recall": 0.0, "f1-score": 0.0, "support": 49.0}, "3": {"precision": 0.0, "recall": 0.0, "f1-score": 0.0, "support": 40.0}, "4": {"precision": 0.0, "recall": 0.0, "f1-score": 0.0, "support": 24.0}, "5": {"precision": 0.0, "recall": 0.0, "f1-score": 0.0, "support": 4.0}, "6": {"precision": 0.0, "recall": 0.0, "f1-score": 0.0, "support": 3.0}, "8": {"precision": 0.0, "recall": 0.0, "f1-score": 0.0, "support": 1.0}, "9": {"precision": 0.0, "recall": 0.0, "f1-score": 0.0, "support": 112.0}, "10": {"precision": 0.0, "recall": 0.0, "f1-score": 0.0, "support": 16.0}, "11": {"precision": 0.0, "recall": 0.0, "f1-score": 0.0, "support": 1.0}, "12": {"precision": 0.0, "recall": 0.0, "f1-score": 0.0, "support": 56.0}, "13": {"precision": 0.27755905511811024, "recall": 1.0, "f1-score": 0.4345146379044684, "support": 282.0}, "14": {"precision": 0.0, "recall": 0.0, "f1-score": 0.0, "support": 31.0}, "15": {"precision": 0.0, "recall": 0.0, "f1-score": 0.0, "support": 63.0}, "16": {"precision": 0.0, "recall": 0.0, "f1-score": 0.0, "support": 9.0}, "17": {"precision": 0.0, "recall": 0.0, "f1-score": 0.0, "support": 6.0}, "18": {"precision": 0.0, "recall": 0.0, "f1-score": 0.0, "support": 90.0}, "19": {"precision": 0.0, "recall": 0.0, "f1-score": 0.0, "support": 56.0}, "20": {"precision": 0.0, "recall": 0.0, "f1-score": 0.0, "support": 43.0}, "21": {"precision": 0.0, "recall": 0.0, "f1-score": 0.0, "support": 1.0}, "accuracy": 0.27728613569321536, "macro avg": {"precision": 0.013217097862767155, "recall": 0.047619047619047616, "f1-score": 0.020691173233546117, "support": 1017.0}, "weighted avg": {"precision": 0.07696327782036094, "recall": 0.27728613569321536, "f1-score": 0.12048488484666676, "support": 1017.0}}}, "st2": {"hazard_similarity": [