{"epoch_1": {"st1": {"0": {"precision": 0.7953586497890295, "recall": 1.0, "f1-score": 0.8860164512338425, "support": 377.0}, "1": {"precision": 0.9590643274853801, "recall": 0.967551622418879, "f1-score": 0.9632892804698973, "support": 339.0}, "2": {"precision": 0.8771929824561403, "recall": 0.7352941176470589, "f1-score": 0.8, "support": 68.0}, "3": {"precision": 0.0, "recall": 0.0, "f1-score": 0.0, "support": 5.0}, "4": {"precision": 0.776595744680851, "recall": 0.6576576576576577, "f1-score": 0.7121951219512195, "support": 111.0}, "5": {"precision": 0.52, "recall": 0.38235294117647056, "f1-score": 0.4406779661016949, "support": 68.0}, "6": {"precision": 0.0, "recall": 0.0, "f1-score": 0.0, "support": 1.0}, "7": {"precision": 0.0, "recall": 0.0, "f1-score": 0.0, "support": 10.0}, "8": {"precision": 0.0, "recall": 0.0, "f1-score": 0.0, "support": 27.0}, "9": {"precision": 0.0, "recall": 0.0, "f1-score": 0.0, "support": 11.0}, "accuracy": 0.839724680432645, "macro avg": {"precision": 0.39282117044114007, "recall": 0.3742856338900066, "f1-score": 0.3802178819756654, "support": 1017.0}, "weighted avg": {"precision": 0.7927082285689282, "recall": 0.839724680432645, "f1-score": 0.810229133162197, "support": 1017.0}}}, "epoch_2": {"st1": {"0": {"precision": 0.8907363420427553, "recall": 0.9946949602122016, "f1-score": 0.9398496240601504, "support": 377.0}, "1": {"precision": 0.9647058823529412, "recall": 0.967551622418879, "f1-score": 0.9661266568483063, "support": 339.0}, "2": {"precision": 0.8732394366197183, "recall": 0.9117647058823529, "f1-score": 0.8920863309352518, "support": 68.0}, "3": {"precision": 0.0, "recall": 0.0, "f1-score": 0.0, "support": 5.0}, "4": {"precision": 0.9619047619047619, "recall": 0.9099099099099099, "f1-score": 0.9351851851851852, "support": 111.0}, "5": {"precision": 0.6379310344827587, "recall": 0.5441176470588235, "f1-score": 0.5873015873015873, "support": 68.0}, "6": {"precision": 0.0, "recall": 0.0, "f1-score": 0.0, "support": 1.0}, "7": {"precision": 0.0, "recall": 0.0, "f1-score": 0.0, "support": 10.0}, "8": {"precision": 0.18181818181818182, "recall": 0.14814814814814814, "f1-score": 0.16326530612244897, "support": 27.0}, "9": {"precision": 0.0, "recall": 0.0, "f1-score": 0.0, "support": 11.0}, "accuracy": 0.8918387413962635, "macro avg": {"precision": 0.45103356392211164, "recall": 0.4476186993630315, "f1-score": 0.4483814690452931, "support": 1017.0}, "weighted avg": {"precision": 0.8626184922155886, "recall": 0.8918387413962635, "f1-score": 0.8757643482824183, "support": 1017.0}}}, "epoch_3": {"st1": {"0": {"precision": 0.918918918918919, "recall": 0.9920424403183024, "f1-score": 0.9540816326530612, "support": 377.0}, "1": {"precision": 0.9819277108433735, "recall": 0.9616519174041298, "f1-score": 0.9716840536512668, "support": 339.0}, "2": {"precision": 0.8, "recall": 0.9411764705882353, "f1-score": 0.8648648648648649, "support": 68.0}, "3": {"precision": 0.0, "recall": 0.0, "f1-score": 0.0, "support": 5.0}, "4": {"precision": 0.9803921568627451, "recall": 0.9009009009009009, "f1-score": 0.9389671361502347, "support": 111.0}, "5": {"precision": 0.9393939393939394, "recall": 0.45588235294117646, "f1-score": 0.6138613861386139, "support": 68.0}, "6": {"precision": 0.0, "recall": 0.0, "f1-score": 0.0, "support": 1.0}, "7": {"precision": 0.42857142857142855, "recall": 0.3, "f1-score": 0.35294117647058826, "support": 10.0}, "8": {"precision": 0.32142857142857145, "recall": 0.6666666666666666, "f1-score": 0.43373493975903615, "support": 27.0}, "9": {"precision": 0.0, "recall": 0.0, "f1-score": 0.0, "support": 11.0}, "accuracy": 0.9006882989183874, "macro avg": {"precision": 0.5370632726018977, "recall": 0.5218320748819412, "f1-score": 0.5130135189687666, "support": 1017.0}, "weighted avg": {"precision": 0.9040044537002697, "recall": 0.9006882989183874, "f1-score": 0.8939121553757089, "support": 1017.0}}}, "epoch_4": {"st1": {"0": {"precision": 0.9146341463414634, "recall": 0.9946949602122016, "f1-score": 0.9529860228716646, "support": 377.0}, "1": {"precision": 0.9704142011834319, "recall": 0.967551622418879, "f1-score": 0.9689807976366323, "support": 339.0}, "2": {"precision": 0.8767123287671232, "recall": 0.9411764705882353, "f1-score": 0.9078014184397163, "support": 68.0}, "3": {"precision": 0.0, "recall": 0.0, "f1-score": 0.0, "support": 5.0}, "4": {"precision": 0.9803921568627451, "recall": 0.9009009009009009, "f1-score": 0.9389671361502347, "support": 111.0}, "5": {"precision": 0.7843137254901961, "recall": 0.5882352941176471, "f1-score": 0.6722689075630253, "support": 68.0}, "6": {"precision": 0.0, "recall": 0.0, "f1-score": 0.0, "support": 1.0}, "7": {"precision": 0.45454545454545453, "recall": 0.5, "f1-score": 0.47619047619047616, "support": 10.0}, "8": {"precision": 0.5666666666666667, "recall": 0.6296296296296297, "f1-score": 0.5964912280701754, "support": 27.0}, "9": {"precision": 0.5, "recall": 0.09090909090909091, "f1-score": 0.15384615384615385, "support": 11.0}, "accuracy": 0.9144542772861357, "macro avg": {"precision": 0.604767867985708, "recall": 0.5613097968776585, "f1-score": 0.5667532140768079, "support": 1017.0}, "weighted avg": {"precision": 0.9055125300084877, "recall": 0.9144542772861357, "f1-score": 0.9065780048322573, "support": 1017.0}}}, "epoch_5": {"st1": {"0": {"precision": 0.9124087591240876, "recall": 0.9946949602122016, "f1-score": 0.9517766497461929, "support": 377.0}, "1": {"precision": 0.9705014749262537, "recall": 0.9705014749262537, "f1-score": 0.9705014749262537, "support": 339.0}, "2": {"precision": 0.8767123287671232, "recall": 0.9411764705882353, "f1-score": 0.9078014184397163, "support": 68.0}, "3": {"precision": 0.0, "recall": 0.0, "f1-score": 0.0, "support": 5.0}, "4": {"precision": 0.9805825242718447, "recall": 0.9099099099099099, "f1-score": 0.9439252336448598, "support": 111.0}, "5": {"precision": 0.7647058823529411, "recall": 0.5735294117647058, "f1-score": 0.6554621848739496, "support": 68.0}, "6": {"precision": 0.0, "recall": 0.0, "f1-score": 0.0, "support": 1.0}, "7": {"precision": 0.5, "recall": 0.4, "f1-score": 0.4444444444444444, "support": 10.0}, "8": {"precision": 0.68, "recall": 0.6296296296296297, "f1-score": 0.6538461538461539, "support": 27.0}, "9": {"precision": 0.42857142857142855, "recall": 0.2727272727272727, "f1-score": 0.3333333333333333, "support": 11.0}, "accuracy": 0.9164208456243854, "macro avg": {"precision": 0.6113482398013679, "recall": 0.5692169129758209, "f1-score": 0.5861090893254903, "support": 1017.0}, "weighted avg": {"precision": 0.9061096228656892, "recall": 0.9164208456243854, "f1-score": 0.909205880215517, "support": 1017.0}}}, "epoch_6": {"st1": {"0": {"precision": 0.9060240963855422, "recall": 0.9973474801061007, "f1-score": 0.9494949494949495, "support": 377.0}, "1": {"precision": 0.9733727810650887, "recall": 0.9705014749262537, "f1-score": 0.9719350073855244, "support": 339.0}, "2": {"precision": 0.8767123287671232, "recall": 0.9411764705882353, "f1-score": 0.9078014184397163, "support": 68.0}, "3": {"precision": 0.0, "recall": 0.0, "f1-score": 0.0, "support": 5.0}, "4": {"precision": 0.9805825242718447, "recall": 0.9099099099099099, "f1-score": 0.9439252336448598, "support": 111.0}, "5": {"precision": 0.8636363636363636, "recall": 0.5588235294117647, "f1-score": 0.6785714285714286, "support": 68.0}, "6": {"precision": 0.0, "recall": 0.0, "f1-score": 0.0, "support": 1.0}, "7": {"precision": 0.46153846153846156, "recall": 0.6, "f1-score": 0.5217391304347826, "support": 10.0}, "8": {"precision": 0.7272727272727273, "recall": 0.5925925925925926, "f1-score": 0.6530612244897959, "support": 27.0}, "9": {"precision": 0.5555555555555556, "recall": 0.45454545454545453, "f1-score": 0.5, "support": 11.0}, "accuracy": 0.9193706981317601, "macro avg": {"precision": 0.6344694838492708, "recall": 0.6024896912080312, "f1-score": 0.6126528392461057, "support": 1017.0}, "weighted avg": {"precision": 0.9135650813755022,