{"epoch_1": {"st1": {"0": {"precision": 0.9147869674185464, "recall": 0.9681697612732095, "f1-score": 0.9407216494845361, "support": 377.0}, "1": {"precision": 0.9452449567723343, "recall": 0.967551622418879, "f1-score": 0.956268221574344, "support": 339.0}, "2": {"precision": 0.9038461538461539, "recall": 0.6911764705882353, "f1-score": 0.7833333333333333, "support": 68.0}, "3": {"precision": 0.0, "recall": 0.0, "f1-score": 0.0, "support": 5.0}, "4": {"precision": 0.6045197740112994, "recall": 0.963963963963964, "f1-score": 0.7430555555555556, "support": 111.0}, "5": {"precision": 0.6190476190476191, "recall": 0.38235294117647056, "f1-score": 0.4727272727272727, "support": 68.0}, "6": {"precision": 0.0, "recall": 0.0, "f1-score": 0.0, "support": 1.0}, "7": {"precision": 0.0, "recall": 0.0, "f1-score": 0.0, "support": 10.0}, "8": {"precision": 0.0, "recall": 0.0, "f1-score": 0.0, "support": 27.0}, "9": {"precision": 0.0, "recall": 0.0, "f1-score": 0.0, "support": 11.0}, "accuracy": 0.8584070796460177, "macro avg": {"precision": 0.3987445471095953, "recall": 0.39732147594207584, "f1-score": 0.3896106032675042, "support": 1017.0}, "weighted avg": {"precision": 0.8219972453634651, "recall": 0.8584070796460177, "f1-score": 0.8325646773334912, "support": 1017.0}}}, "epoch_2": {"st1": {"0": {"precision": 0.9291139240506329, "recall": 0.9734748010610079, "f1-score": 0.9507772020725389, "support": 377.0}, "1": {"precision": 0.9790419161676647, "recall": 0.9646017699115044, "f1-score": 0.9717682020802377, "support": 339.0}, "2": {"precision": 0.8857142857142857, "recall": 0.9117647058823529, "f1-score": 0.8985507246376812, "support": 68.0}, "3": {"precision": 1.0, "recall": 0.4, "f1-score": 0.5714285714285714, "support": 5.0}, "4": {"precision": 0.9791666666666666, "recall": 0.8468468468468469, "f1-score": 0.9082125603864735, "support": 111.0}, "5": {"precision": 0.8620689655172413, "recall": 0.36764705882352944, "f1-score": 0.5154639175257731, "support": 68.0}, "6": {"precision": 0.0, "recall": 0.0, "f1-score": 0.0, "support": 1.0}, "7": {"precision": 0.0, "recall": 0.0, "f1-score": 0.0, "support": 10.0}, "8": {"precision": 0.22077922077922077, "recall": 0.6296296296296297, "f1-score": 0.3269230769230769, "support": 27.0}, "9": {"precision": 0.14285714285714285, "recall": 0.18181818181818182, "f1-score": 0.16, "support": 11.0}, "accuracy": 0.8810226155358899, "macro avg": {"precision": 0.5998742121752856, "recall": 0.5275782993973053, "f1-score": 0.5303124255054353, "support": 1017.0}, "weighted avg": {"precision": 0.9068243732194083, "recall": 0.8810226155358899, "f1-score": 0.8832655668541073, "support": 1017.0}}}, "epoch_3": {"st1": {"0": {"precision": 0.9267676767676768, "recall": 0.9734748010610079, "f1-score": 0.9495472186287193, "support": 377.0}, "1": {"precision": 0.9879518072289156, "recall": 0.967551622418879, "f1-score": 0.977645305514158, "support": 339.0}, "2": {"precision": 0.875, "recall": 0.9264705882352942, "f1-score": 0.9, "support": 68.0}, "3": {"precision": 1.0, "recall": 0.4, "f1-score": 0.5714285714285714, "support": 5.0}, "4": {"precision": 0.8813559322033898, "recall": 0.9369369369369369, "f1-score": 0.9082969432314411, "support": 111.0}, "5": {"precision": 0.8604651162790697, "recall": 0.5441176470588235, "f1-score": 0.6666666666666666, "support": 68.0}, "6": {"precision": 0.0, "recall": 0.0, "f1-score": 0.0, "support": 1.0}, "7": {"precision": 0.5, "recall": 0.5, "f1-score": 0.5, "support": 10.0}, "8": {"precision": 0.6956521739130435, "recall": 0.5925925925925926, "f1-score": 0.64, "support": 27.0}, "9": {"precision": 0.14285714285714285, "recall": 0.2727272727272727, "f1-score": 0.1875, "support": 11.0}, "accuracy": 0.9095378564405113, "macro avg": {"precision": 0.6870049849249239, "recall": 0.6113871461030806, "f1-score": 0.6301084705469556, "support": 1017.0}, "weighted avg": {"precision": 0.9149491154775321, "recall": 0.9095378564405113, "f1-score": 0.9085103214173972, "support": 1017.0}}}, "epoch_4": {"st1": {"0": {"precision": 0.9156327543424317, "recall": 0.9787798408488063, "f1-score": 0.9461538461538461, "support": 377.0}, "1": {"precision": 0.9909365558912386, "recall": 0.967551622418879, "f1-score": 0.9791044776119403, "support": 339.0}, "2": {"precision": 0.8873239436619719, "recall": 0.9264705882352942, "f1-score": 0.9064748201438849, "support": 68.0}, "3": {"precision": 1.0, "recall": 0.2, "f1-score": 0.3333333333333333, "support": 5.0}, "4": {"precision": 0.9719626168224299, "recall": 0.9369369369369369, "f1-score": 0.9541284403669725, "support": 111.0}, "5": {"precision": 0.7454545454545455, "recall": 0.6029411764705882, "f1-score": 0.6666666666666666, "support": 68.0}, "6": {"precision": 0.0, "recall": 0.0, "f1-score": 0.0, "support": 1.0}, "7": {"precision": 0.5454545454545454, "recall": 0.6, "f1-score": 0.5714285714285714, "support": 10.0}, "8": {"precision": 0.6818181818181818, "recall": 0.5555555555555556, "f1-score": 0.6122448979591837, "support": 27.0}, "9": {"precision": 0.25, "recall": 0.36363636363636365, "f1-score": 0.2962962962962963, "support": 11.0}, "accuracy": 0.9154375614552606, "macro avg": {"precision": 0.6988583143445345, "recall": 0.6131872084102423, "f1-score": 0.6265831349960695, "support": 1017.0}, "weighted avg": {"precision": 0.9160781366028278, "recall": 0.9154375614552606, "f1-score": 0.913145643834227, "support": 1017.0}}}, "epoch_5": {"st1": {"0": {"precision": 0.9183168316831684, "recall": 0.9840848806366048, "f1-score": 0.9500640204865557, "support": 377.0}, "1": {"precision": 0.9909365558912386, "recall": 0.967551622418879, "f1-score": 0.9791044776119403, "support": 339.0}, "2": {"precision": 0.9, "recall": 0.9264705882352942, "f1-score": 0.9130434782608695, "support": 68.0}, "3": {"precision": 0.0, "recall": 0.0, "f1-score": 0.0, "support": 5.0}, "4": {"precision": 0.9380530973451328, "recall": 0.954954954954955, "f1-score": 0.9464285714285714, "support": 111.0}, "5": {"precision": 0.86, "recall": 0.6323529411764706, "f1-score": 0.7288135593220338, "support": 68.0}, "6": {"precision": 0.0, "recall": 0.0, "f1-score": 0.0, "support": 1.0}, "7": {"precision": 0.5454545454545454, "recall": 0.6, "f1-score": 0.5714285714285714, "support": 10.0}, "8": {"precision": 0.6428571428571429, "recall": 0.6666666666666666, "f1-score": 0.6545454545454545, "support": 27.0}, "9": {"precision": 0.5, "recall": 0.45454545454545453, "f1-score": 0.47619047619047616, "support": 11.0}, "accuracy": 0.9242871189773845, "macro avg": {"precision": 0.6295618173231229, "recall": 0.6186627108634324, "f1-score": 0.6219618609274473, "support": 1017.0}, "weighted avg": {"precision": 0.9186317798512119, "recall": 0.9242871189773845, "f1-score": 0.9197792643492588, "support": 1017.0}}}, "epoch_6": {"st1": {"0": {"precision": 0.9183168316831684, "recall": 0.9840848806366048, "f1-score": 0.9500640204865557, "support": 377.0}, "1": {"precision": 0.9909638554216867, "recall": 0.9705014749262537, "f1-score": 0.9806259314456036, "support": 339.0}, "2": {"precision": 0.9130434782608695, "recall": 0.9264705882352942, "f1-score": 0.9197080291970803, "support": 68.0}, "3": {"precision": 0.0, "recall": 0.0, "f1-score": 0.0, "support": 5.0}, "4": {"precision": 0.9464285714285714, "recall": 0.954954954954955, "f1-score": 0.9506726457399103, "support": 111.0}, "5": {"precision": 0.851063829787234, "recall": 0.5882352941176471, "f1-score": 0.6956521739130435, "support": 68.0}, "6": {"precision": 0.0, "recall": 0.0, "f1-score": 0.0, "support": 1.0}, "7": {"precision": 0.5, "recall": 0.6, "f1-score": 0.5454545454545454, "support": 10.0}, "8": {"precision": 0.6, "recall": 0.6666666666666666, "f1-score": 0.631578947368421, "support": 27.0}, "9": {"precision": 0.45454545454545453, "recall": 0.45454545454545453, "f1-score": 0.45454545454545453, "support": 11.0}, "accuracy": 0.9223205506391348, "macro avg": {"precision": 0.6174362021126985, "recall": 0.6145459314082876, "f1-score": 0.6128301748150615, "support": 1017.0},