{"epoch_1": {"st1": {"0": {"precision": 0.905940594059406, "recall": 0.9708222811671088, "f1-score": 0.9372599231754162, "support": 377.0}, "1": {"precision": 0.9010989010989011, "recall": 0.967551622418879, "f1-score": 0.9331436699857752, "support": 339.0}, "2": {"precision": 0.8648648648648649, "recall": 0.47058823529411764, "f1-score": 0.6095238095238096, "support": 68.0}, "3": {"precision": 0.0, "recall": 0.0, "f1-score": 0.0, "support": 5.0}, "4": {"precision": 0.5326633165829145, "recall": 0.954954954954955, "f1-score": 0.6838709677419355, "support": 111.0}, "5": {"precision": 0.7692307692307693, "recall": 0.14705882352941177, "f1-score": 0.24691358024691357, "support": 68.0}, "6": {"precision": 0.0, "recall": 0.0, "f1-score": 0.0, "support": 1.0}, "7": {"precision": 0.0, "recall": 0.0, "f1-score": 0.0, "support": 10.0}, "8": {"precision": 0.0, "recall": 0.0, "f1-score": 0.0, "support": 27.0}, "9": {"precision": 0.0, "recall": 0.0, "f1-score": 0.0, "support": 11.0}, "accuracy": 0.8279252704031466, "macro avg": {"precision": 0.3973798445836856, "recall": 0.3510975917364472, "f1-score": 0.341071195067385, "support": 1017.0}, "weighted avg": {"precision": 0.8035951452233334, "recall": 0.8279252704031466, "f1-score": 0.7903934268299644, "support": 1017.0}}}, "epoch_2": {"st1": {"0": {"precision": 0.92, "recall": 0.9761273209549072, "f1-score": 0.9472329472329473, "support": 377.0}, "1": {"precision": 0.9618768328445748, "recall": 0.967551622418879, "f1-score": 0.9647058823529412, "support": 339.0}, "2": {"precision": 0.8611111111111112, "recall": 0.9117647058823529, "f1-score": 0.8857142857142857, "support": 68.0}, "3": {"precision": 0.0, "recall": 0.0, "f1-score": 0.0, "support": 5.0}, "4": {"precision": 0.9714285714285714, "recall": 0.918918918918919, "f1-score": 0.9444444444444444, "support": 111.0}, "5": {"precision": 0.42424242424242425, "recall": 0.6176470588235294, "f1-score": 0.5029940119760479, "support": 68.0}, "6": {"precision": 0.0, "recall": 0.0, "f1-score": 0.0, "support": 1.0}, "7": {"precision": 0.0, "recall": 0.0, "f1-score": 0.0, "support": 10.0}, "8": {"precision": 0.0, "recall": 0.0, "f1-score": 0.0, "support": 27.0}, "9": {"precision": 0.0, "recall": 0.0, "f1-score": 0.0, "support": 11.0}, "accuracy": 0.8869223205506391, "macro avg": {"precision": 0.41386589396266815, "recall": 0.4392009626998588, "f1-score": 0.42450915717206666, "support": 1017.0}, "weighted avg": {"precision": 0.8536370286793734, "recall": 0.8869223205506391, "f1-score": 0.8686407205513708, "support": 1017.0}}}, "epoch_3": {"st1": {"0": {"precision": 0.924812030075188, "recall": 0.9787798408488063, "f1-score": 0.9510309278350515, "support": 377.0}, "1": {"precision": 0.9761904761904762, "recall": 0.967551622418879, "f1-score": 0.9718518518518519, "support": 339.0}, "2": {"precision": 0.8513513513513513, "recall": 0.9264705882352942, "f1-score": 0.8873239436619719, "support": 68.0}, "3": {"precision": 0.0, "recall": 0.0, "f1-score": 0.0, "support": 5.0}, "4": {"precision": 0.9545454545454546, "recall": 0.9459459459459459, "f1-score": 0.9502262443438914, "support": 111.0}, "5": {"precision": 0.5405405405405406, "recall": 0.5882352941176471, "f1-score": 0.5633802816901409, "support": 68.0}, "6": {"precision": 0.0, "recall": 0.0, "f1-score": 0.0, "support": 1.0}, "7": {"precision": 0.0, "recall": 0.0, "f1-score": 0.0, "support": 10.0}, "8": {"precision": 0.2916666666666667, "recall": 0.25925925925925924, "f1-score": 0.27450980392156865, "support": 27.0}, "9": {"precision": 0.0, "recall": 0.0, "f1-score": 0.0, "support": 11.0}, "accuracy": 0.8967551622418879, "macro avg": {"precision": 0.4539106519369677, "recall": 0.46662425508258326, "f1-score": 0.4598323053304476, "support": 1017.0}, "weighted avg": {"precision": 0.8732162250443571, "recall": 0.8967551622418879, "f1-score": 0.8844947912719667, "support": 1017.0}}}, "epoch_4": {"st1": {"0": {"precision": 0.9269521410579346, "recall": 0.9761273209549072, "f1-score": 0.9509043927648578, "support": 377.0}, "1": {"precision": 0.9820359281437125, "recall": 0.967551622418879, "f1-score": 0.974739970282318, "support": 339.0}, "2": {"precision": 0.8513513513513513, "recall": 0.9264705882352942, "f1-score": 0.8873239436619719, "support": 68.0}, "3": {"precision": 0.0, "recall": 0.0, "f1-score": 0.0, "support": 5.0}, "4": {"precision": 0.9375, "recall": 0.9459459459459459, "f1-score": 0.9417040358744395, "support": 111.0}, "5": {"precision": 0.6333333333333333, "recall": 0.5588235294117647, "f1-score": 0.59375, "support": 68.0}, "6": {"precision": 0.0, "recall": 0.0, "f1-score": 0.0, "support": 1.0}, "7": {"precision": 0.4, "recall": 0.4, "f1-score": 0.4, "support": 10.0}, "8": {"precision": 0.48, "recall": 0.4444444444444444, "f1-score": 0.46153846153846156, "support": 27.0}, "9": {"precision": 0.4, "recall": 0.18181818181818182, "f1-score": 0.25, "support": 11.0}, "accuracy": 0.904621435594887, "macro avg": {"precision": 0.5611172753886333, "recall": 0.5401181633229417, "f1-score": 0.5459960804122048, "support": 1017.0}, "weighted avg": {"precision": 0.8935616473727812, "recall": 0.904621435594887, "f1-score": 0.8981135895876821, "support": 1017.0}}}, "epoch_5": {"st1": {"0": {"precision": 0.9137931034482759, "recall": 0.9840848806366048, "f1-score": 0.9476372924648787, "support": 377.0}, "1": {"precision": 0.9849397590361446, "recall": 0.9646017699115044, "f1-score": 0.9746646795827124, "support": 339.0}, "2": {"precision": 0.8311688311688312, "recall": 0.9411764705882353, "f1-score": 0.8827586206896552, "support": 68.0}, "3": {"precision": 0.0, "recall": 0.0, "f1-score": 0.0, "support": 5.0}, "4": {"precision": 0.9545454545454546, "recall": 0.9459459459459459, "f1-score": 0.9502262443438914, "support": 111.0}, "5": {"precision": 0.75, "recall": 0.5294117647058824, "f1-score": 0.6206896551724138, "support": 68.0}, "6": {"precision": 0.0, "recall": 0.0, "f1-score": 0.0, "support": 1.0}, "7": {"precision": 0.46153846153846156, "recall": 0.6, "f1-score": 0.5217391304347826, "support": 10.0}, "8": {"precision": 0.6956521739130435, "recall": 0.5925925925925926, "f1-score": 0.64, "support": 27.0}, "9": {"precision": 0.5, "recall": 0.36363636363636365, "f1-score": 0.42105263157894735, "support": 11.0}, "accuracy": 0.9134709931170109, "macro avg": {"precision": 0.6091637783650212, "recall": 0.5921449788017129, "f1-score": 0.5958768254267282, "support": 1017.0}, "weighted avg": {"precision": 0.9053752188774, "recall": 0.9134709931170109, "f1-score": 0.9070886448085621, "support": 1017.0}}}, "epoch_6": {"st1": {"0": {"precision": 0.9205955334987593, "recall": 0.9840848806366048, "f1-score": 0.9512820512820512, "support": 377.0}, "1": {"precision": 0.9879518072289156, "recall": 0.967551622418879, "f1-score": 0.977645305514158, "support": 339.0}, "2": {"precision": 0.8311688311688312, "recall": 0.9411764705882353, "f1-score": 0.8827586206896552, "support": 68.0}, "3": {"precision": 0.0, "recall": 0.0, "f1-score": 0.0, "support": 5.0}, "4": {"precision": 0.9629629629629629, "recall": 0.9369369369369369, "f1-score": 0.9497716894977168, "support": 111.0}, "5": {"precision": 0.7391304347826086, "recall": 0.5, "f1-score": 0.5964912280701754, "support": 68.0}, "6": {"precision": 0.0, "recall": 0.0, "f1-score": 0.0, "support": 1.0}, "7": {"precision": 0.5, "recall": 0.7, "f1-score": 0.5833333333333334, "support": 10.0}, "8": {"precision": 0.7037037037037037, "recall": 0.7037037037037037, "f1-score": 0.7037037037037037, "support": 27.0}, "9": {"precision": 0.5, "recall": 0.45454545454545453, "f1-score": 0.47619047619047616, "support": 11.0}, "accuracy": 0.9164208456243854, "macro avg": {"precision": 0.6145513273345783, "recall": 0.6187999068829814, "f1-score": 0.612117640828127, "support": 1017.0}, "weighted avg": {"precision": 0.9096847765518401, "recall": 0.9164208456243854, "f1-score": 0.9106589653136445, "support": 1017.0}}}, "epoch_7": {"st1": {"0": {"precision": 0.9137931034482759, "recall": 0.9840848806366048,